{"IcoMoonType":"selection","icons":[{"icon":{"paths":["M614.286 676.571c0 4.571-2.286 9.714-5.714 13.143l-28.571 28.571c-3.429 3.429-8 5.714-13.143 5.714-4.571 0-9.714-2.286-13.143-5.714l-224.571-224.571-224.571 224.571c-3.429 3.429-8.571 5.714-13.143 5.714s-9.714-2.286-13.143-5.714l-28.571-28.571c-3.429-3.429-5.714-8.571-5.714-13.143s2.286-9.714 5.714-13.143l266.286-266.286c3.429-3.429 8.571-5.714 13.143-5.714s9.714 2.286 13.143 5.714l266.286 266.286c3.429 3.429 5.714 8.571 5.714 13.143z"],"width":658.2857142857142,"attrs":[],"isMulticolor":false,"isMulticolor2":false,"tags":["angle-up"],"defaultCode":61702,"grid":14},"attrs":[],"properties":{"name":"angle-up","id":235,"order":4,"prevSize":28,"code":61702},"setIdx":2,"setId":2,"iconIdx":235},{"icon":{"paths":["M987.429 510.286c0 5.143-2.286 10.286-5.714 13.714l-219.429 202.286c-5.714 5.143-13.143 6.286-20 3.429-6.286-2.857-10.857-9.143-10.857-16.571v-128h-713.143c-10.286 0-18.286-8-18.286-18.286v-109.714c0-10.286 8-18.286 18.286-18.286h713.143v-128c0-7.429 4-13.714 10.857-16.571s14.286-1.714 20 2.857l219.429 200c3.429 3.429 5.714 8 5.714 13.143v0z"],"width":987.4285714285713,"attrs":[],"isMulticolor":false,"isMulticolor2":false,"tags":["long-arrow-right"],"defaultCode":61816,"grid":14},"attrs":[],"properties":{"name":"long-arrow-right","id":339,"order":3,"prevSize":28,"code":61816},"setIdx":2,"setId":2,"iconIdx":339}],"height":1024,"metadata":{"name":"icomoon"},"preferences":{"showGlyphs":true,"showCodes":true,"showQuickUse":true,"showQuickUse2":true,"showSVGs":true,"fontPref":{"prefix":"icon-","metadata":{"fontFamily":"icomoon"},"metrics":{"emSize":1024,"baseline":6.25,"whitespace":50},"embed":false,"autoHost":false},"imagePref":{"prefix":"icon-","png":true,"useClassSelector":true,"color":0,"bgColor":16777215},"historySize":50,"quickUsageToken":{"ArisPortfolio":"NmM0MDJjZTdjZTlmYTUyNWE5NmIzOGQ0YjY0NGMzY2UjMSMxNjU0MTk3ODMxIyMjYmUzZWE3NTU2ZDc4"}}}